Resume,Category
"Python machine learning pandas numpy scikit learn data analysis statistics","Data Science"
"Python artificial intelligence machine learning deep learning tensorflow keras neural networks","AI ML"
"Machine learning artificial intelligence python NLP deep learning computer vision","AI ML"
"Data analysis Python pandas numpy matplotlib seaborn SQL statistics","Data Science"
"Java Spring Boot REST API SQL backend development software engineering","Software Engineering"
"C++ Java Python algorithms data structures object oriented programming","Software Engineering"
"HTML CSS JavaScript React frontend web development responsive websites","Web Development"
"HTML CSS JavaScript Bootstrap React user interface frontend development","Web Development"
"Cybersecurity network security firewall penetration testing ethical hacking","Cybersecurity"
"Network security cyber security vulnerability assessment penetration testing","Cybersecurity"
"MySQL SQL database management database design queries normalization","Database"
"SQL MySQL PostgreSQL database administration database management systems","Database"
"Python pandas machine learning data visualization statistics","Data Science"
"TensorFlow PyTorch deep learning neural networks artificial intelligence","AI ML"
"Java Spring Hibernate REST API backend developer SQL","Software Engineering"
"React JavaScript HTML CSS frontend developer web applications","Web Development"
"Ethical hacking cybersecurity network security Linux penetration testing","Cybersecurity"
"MySQL SQL Oracle database queries database administrator","Database"
"Python machine learning scikit learn data mining predictive analytics","Data Science"
"Artificial intelligence deep learning NLP Python neural networks","AI ML"
"Java C++ software development algorithms data structures Git","Software Engineering"
"JavaScript React HTML CSS frontend development UI UX web application","Web Development"
"Cybersecurity information security network monitoring firewall Linux","Cybersecurity"
"SQL database normalization ER diagram MySQL PostgreSQL","Database"
